編號,案類,發生(現)日期,發生時段,發生(現)地點
1,住宅竊盜,1010606,10~12,台北市中山區通北街65巷2弄1 ~ 30號
2,住宅竊盜,1040101,07~09,台北市中山區新生北路一段91-120號
3,住宅竊盜,1040101,10~12,台北市文山區明興里興隆路四段1-30號
4,住宅竊盜,1040101,22~24,台北市文山區萬美里萬寧街1-30號
5,住宅竊盜,1040101,22~24,台北市信義區富台里忠孝東路五段295巷6弄1-30號
6,住宅竊盜,1040102,04~06,台北市萬華區大理街159巷1-30號
7,住宅竊盜,1040102,04~06,台北市萬華區大理街159巷1-30號
8,住宅竊盜,1040102,10~12,台北市中山區吉林路121-150號
9,住宅竊盜,1040102,22~24,台北市士林區天福里1鄰忠誠路二段130巷1-30號
10,住宅竊盜,1040104,10~12,台北市信義區五常里永吉路225巷32弄1-30號
11,住宅竊盜,1040105,04~06,台北市萬華區糖?里大理街159巷1-30號
12,住宅竊盜,1040105,10~12,台北市北投區吉慶里實踐街56巷1-30號
13,住宅竊盜,1040105,16~18,台北市中正區忠勤里中華路二段311巷1-30號
14,住宅竊盜,1040105,22~24,台北市中山區南京東路三段181-210號
15,住宅竊盜,1040106,04~06,台北市信義區雅祥里基隆路一段1-30號
16,住宅竊盜,1040106,16~18,台北市中正區水源里汀州路三段91-120號
17,住宅竊盜,1040108,07~09,台北市文山區萬美里萬美街一段61-90號
18,住宅竊盜,1040109,10~12,台北市內湖區港華里港華街1-30號
19,住宅竊盜,1040109,13~15,台北市中山區樂群二路91-120號
20,住宅竊盜,1040109,16~18,台北市松山區民權東路三段106巷1-30號
21,住宅竊盜,1040110,04~06,台北市信義區福德街373巷91-120號
22,住宅竊盜,1040111,07~09,台北市萬華區萬大路387巷1-30號
23,住宅竊盜,1040112,07~09,台北市大安區龍雲里4鄰大安路二段132巷1-30號
24,住宅竊盜,1040112,19~21,台北市松山區光復南路22巷31-60號
25,住宅竊盜,1040112,19~21,台北市松山區健康路325巷18弄1-30號
26,住宅竊盜,1040113,10~12,台北市萬華區青年路31-60號
27,住宅竊盜,1040115,07~09,台北市南港區九如里研究院路三段18巷1-30號
28,住宅竊盜,1040115,10~12,台北市大安區市民大道四段1~30號
29,住宅竊盜,1040115,10~12,台北市內湖區民權東路六段296巷91-120號
30,住宅竊盜,1040115,22~24,台北市松山區饒河街181-210號
31,住宅竊盜,1040116,10~12,台北市松山區敦化南路二段31~60號
32,住宅竊盜,1040117,10~12,台北市文山區明義里興隆路四段46巷31-60號
33,住宅竊盜,1040118,07~09,台北市萬華區西園路二段320巷61-90號
34,住宅竊盜,1040118,10~12,台北市大安區通化里通化街19巷1-30號
35,住宅竊盜,1040118,19~21,台北市信義區富台里忠孝東路五段295巷6弄31-60號
36,住宅竊盜,1040120,19~21,台北市南港區三重里重陽路511-540號
37,住宅竊盜,1040121,07~09,台北市萬華區柳鄉里1鄰桂林路242巷6弄1-30號
38,住宅竊盜,1040121,19~21,台北市士林區百齡里21鄰通河東街一段61-90號
39,住宅竊盜,1040121,19~21,台北市中山區吉林路379巷1-30號
40,住宅竊盜,1040121,22~24,台北市中山區中山北路一段53巷1-30號
41,住宅竊盜,1040122,10~12,台北市大同區揚雅里承德路三段90巷1-30號
42,住宅竊盜,1040122,16~18,台北市大安區龍安里青田街5巷1-30號
43,住宅竊盜,1040123,13~15,台北市中正區龍光里和平西路二段1-30號
44,住宅竊盜,1040123,19~21,台北市文山區萬興里21鄰秀明路二段115巷1-30號
45,住宅竊盜,1040124,10~12,台北市萬華區梧州街60巷1-30號
46,住宅竊盜,1040126,01~03,台北市萬華區民和街55巷1-30號
47,住宅竊盜,1040126,07~09,台北市大同區酒泉街103巷1-30號
48,住宅竊盜,1040126,19~21,台北市內湖區西康里4鄰文湖街11巷1-30號
49,住宅竊盜,1040127,01~03,台北市中山區中山北路二段1-30號
50,住宅竊盜,1040127,04~06,台北市中山區民生東路三段9巷1-30號
51,住宅竊盜,1040127,10~12,台北市文山區景興路238巷1-30號
52,住宅竊盜,1040127,13~15,台北市南港區東明里興華路64巷1-30號
53,住宅竊盜,1040127,16~18,台北市大安區錦泰里15鄰金山南路二段121-150號
54,住宅竊盜,1040128,13~15,台北市內湖區東湖里康樂街48巷1-30號
55,住宅竊盜,1040129,13~15,台北市松山區延壽街121-150號
56,住宅竊盜,1040129,13~15,台北市信義區富台里忠孝東路五段423巷5弄1-30號
57,住宅竊盜,1040130,13~15,台北市信義區廣居里忠孝東路五段372巷27弄61-90號
58,住宅竊盜,1040131,22~24,台北市南港區重陽路57巷1~30號
59,住宅竊盜,1040201,10~12,台北市北投區雙全街62巷1-30號
60,住宅竊盜,1040201,10~12,台北市松山區敦化北路199巷100弄1-30號
61,住宅竊盜,1040201,19~21,台北市信義區信義路六段15巷1-30號
62,住宅竊盜,1040201,22~24,台北市北投區中心里中和街31-60號
63,住宅竊盜,1040202,07~09,台北市中正區網溪里廈門街91-120號
64,住宅竊盜,1040202,19~21,台北市北投區中心里中和街31-60號
65,住宅竊盜,1040204,16~18,台北市中山區農安街125巷1-30號
66,住宅竊盜,1040205,01~03,台北市士林區百齡里福港街211-240號
67,住宅竊盜,1040205,04~06,台北市內湖區樂康里康樂街111巷31-60號
68,住宅竊盜,1040205,13~15,台北市萬華區大理街170巷1-30號
69,住宅竊盜,1040206,07~09,台北市中山區合江街20巷1~30號
70,住宅竊盜,1040207,22~24,台北市中正區三愛里新生南路一段121-150號
71,住宅竊盜,1040208,04~06,台北市大安區新龍里信義路三段134巷61-90號
72,住宅竊盜,1040209,01~03,台北市文山區忠順里忠順街二段1-30號
73,住宅竊盜,1040210,01~03,台北市北投區大同路200巷1-30號
74,住宅竊盜,1040211,16~18,台北市內湖區葫洲里民權東路六段296巷31-60號
75,住宅竊盜,1040212,19~21,台北市文山區興安里22鄰景華街176巷1-30號
76,住宅竊盜,1040212,22~24,台北市萬華區萬大路493巷48弄1-30號
77,住宅竊盜,1040213,04~06,台北市中山區八德路二段210巷1-30號
78,住宅竊盜,1040213,07~09,台北市中山區農安街1-30號
79,住宅竊盜,1040215,07~09,台北市大安區法治里通化街173巷1-30號
80,住宅竊盜,1040215,07~09,台北市中山區長安東路二段1-30號
81,住宅竊盜,1040215,10~12,台北市北投區吉利里20鄰石牌路一段39巷61~90號
82,住宅竊盜,1040215,22~24,台北市信義區和平東路三段661-690號
83,住宅竊盜,1040216,10~12,台北市中正區文盛里羅斯福路三段210巷8弄1-30號
84,住宅竊盜,1040216,13~15,台北市內湖區新明路246巷3弄1-30號
85,住宅竊盜,1040216,16~18,台北市內湖區西湖里內湖路一段91巷121-150號
86,住宅竊盜,1040216,22~24,台北市松山區南京東路五段211-240號
87,住宅竊盜,1040218,04~06,台北市大同區民權里民權西路160巷30弄1-30號
88,住宅竊盜,1040219,13~15,台北市信義區黎忠里和平東路三段391巷8弄31-60號
89,住宅竊盜,1040219,16~18,台北市北投區文林里致遠一路一段125巷1-30號
90,住宅竊盜,1040219,16~18,台北市信義區四育里虎林街46巷1-30號
91,住宅竊盜,1040219,19~21,台北市信義區四育里虎林街46巷1-30號
92,住宅竊盜,1040220,04~06,台北市北投區文林里致遠一路一段31-60號
93,住宅竊盜,1040221,19~21,台北市大安區通化里17鄰通化街39巷62弄1-30號
94,住宅竊盜,1040222,01~03,台北市文山區樟新里樟新街32巷1-30號
95,住宅竊盜,1040223,10~12,台北市南港區中南里中南街74巷31-60號
96,住宅竊盜,1040223,13~15,台北市信義區大仁里福德街84巷1弄1-30號
97,住宅竊盜,1040223,19~21,台北市士林區蘭雅里德行東路31-60號
98,住宅竊盜,1040223,22~24,台北市士林區義信里大南路61-90號
99,住宅竊盜,1040224,10~12,台北市萬華區萬大路493巷48弄1-30號
100,住宅竊盜,1040224,16~18,台北市北投區中心里8鄰泉源路31-60號
101,住宅竊盜,1040224,19~21,台北市內湖區西湖里26鄰內湖路一段285巷65弄61-90號
102,住宅竊盜,1040225,04~06,台北市中正區黎明里南陽街1-30號
103,住宅竊盜,1040225,07~09,台北市士林區聖山里忠誠路一段147巷1-30號
104,住宅竊盜,1040226,01~03,台北市大安區義安里敦化南路二段63巷31-60號
105,住宅竊盜,1040226,13~15,台北市中正區幸市里臨沂街33巷1-30號
106,住宅竊盜,1040226,19~21,台北市內湖區西湖里內湖路一段323巷14弄1-30號
107,住宅竊盜,1040227,01~03,台北市萬華區西園路二段151-180號
108,住宅竊盜,1040227,10~12,台北市北投區中央里大興街24巷7弄1-30號
109,住宅竊盜,1040227,22~24,台北市萬華區西寧南路206巷1-30號
110,住宅竊盜,1040228,19~21,台北市萬華區東園街73巷61-90號
111,住宅竊盜,1040304,01~03,台北市北投區福興里自強街5巷61-90號
112,住宅竊盜,1040304,16~18,台北市士林區社新里延平北路六段273巷1-30號
113,住宅竊盜,1040304,16~18,台北市內湖區湖興里成功路二段312巷31-60號
114,住宅竊盜,1040305,04~06,台北市北投區吉慶里11鄰致遠二路1-30號
115,住宅竊盜,1040305,13~15,台北市內湖區葫洲里2鄰民權東路六段280巷25弄1-30號
116,住宅竊盜,1040306,01~03,台北市內湖區大湖里大湖山莊街121-150號
117,住宅竊盜,1040306,19~21,台北市大安區建安里忠孝東路四段181巷40弄1-30號
118,住宅竊盜,1040307,04~06,台北市北投區大同里大業路481-510號
119,住宅竊盜,1040308,16~18,台北市萬華區內江街151-180號
120,住宅竊盜,1040308,22~24,台北市萬華區中華路二段416巷1-30號
121,住宅竊盜,1040310,10~12,台北市萬華區昆明街211-240號
122,住宅竊盜,1040310,10~12,台北市萬華區昆明街211-240號
123,住宅竊盜,1040310,22~24,台北市士林區天母里中山北路七段219巷1-30號
124,住宅竊盜,1040310,22~24,台北市松山區八德路四段106巷10弄1-30號
125,住宅竊盜,1040312,01~03,台北市中正區水源里羅斯福路四段61-90號
126,住宅竊盜,1040312,10~12,台北市大同區至聖里大龍街259巷10弄1-30號
127,住宅竊盜,1040312,16~18,台北市大安區古莊里浦城街13巷1-30號
128,住宅竊盜,1040313,01~03,台北市北投區中庸里10鄰大同街181-210號
129,住宅竊盜,1040314,01~03,台北市文山區試院里和興路91-120號
130,住宅竊盜,1040315,01~03,台北市萬華區長泰街271-300號
131,住宅竊盜,1040316,07~09,台北市大安區和平東路一段1-30號
132,住宅竊盜,1040316,07~09,台北市中正區螢雪里水源路151-180號
133,住宅竊盜,1040317,01~03,台北市北投區榮華里17鄰明德路118巷1-30號
134,住宅竊盜,1040317,10~12,台北市南港區萬福里同德路50巷1-30號
135,住宅竊盜,1040319,10~12,台北市文山區萬和里溪洲街61-90號
136,住宅竊盜,1040319,22~24,台北市北投區永和里同德街44巷1-30號
137,住宅竊盜,1040320,10~12,台北市萬華區糖?里大理街160巷26弄1-30號
138,住宅竊盜,1040320,19~21,台北市萬華區漢口街二段61-90號
139,住宅竊盜,1040324,07~09,台北市松山區民權東路三段153巷3弄1-30號
140,住宅竊盜,1040325,13-15,台北市大安區龍門里10鄰和平東路二段18巷13弄1-30號
141,住宅竊盜,1040326,16~18,台北市文山區興福里1鄰興隆路一段260巷1-30號
142,住宅竊盜,1040327,16~18,台北市文山區萬隆里羅斯福路五段241-270號
143,住宅竊盜,1040327,19~21,台北市信義區黎平里和平東路三段207巷6弄1-30號
144,住宅竊盜,1040328,19~21,台北市中山區天祥路60巷1-30號
145,住宅竊盜,1040329,07~09,台北市松山區南京東路五段31-60號
146,住宅竊盜,1040329,10~12,台北市士林區社園里021鄰社中街298巷4弄1-30號
147,住宅竊盜,1040329,16~18,台北市松山區民生東路三段113巷25弄31-60號
148,住宅竊盜,1040330,07~09,台北市中山區松江路331-360號
149,住宅竊盜,1040330,10~12,台北市士林區平等里平菁街105巷1-30號
150,住宅竊盜,1040330,10~12,台北市文山區萬利街2巷1-30號
151,住宅竊盜,1040331,07~09,台北市內湖區金瑞里金龍路1-30號
152,住宅竊盜,1040331,22~24,台北市萬華區萬大路493巷28弄1-30號
153,住宅竊盜,1040401,13~15,台北市士林區天壽里5鄰天母西路22巷1-30號
154,住宅竊盜,1040401,22~24,台北市中山區長春路241-270號
155,住宅竊盜,1040404,13~15,台北市文山區木新里指南路一段31-60號
156,住宅竊盜,1040405,10~12,台北市文山區指南里指南路三段22巷1-30號
157,住宅竊盜,1040405,19~21,台北市松山區光復北路31-60號
158,住宅竊盜,1040405,22~24,台北市大同區南芳里延平北路二段241-270號
159,住宅竊盜,1040405,22~24,台北市內湖區港富里麗山街328巷1-30號
160,住宅竊盜,1040407,01~03,台北市萬華區雅江街31-60號
161,住宅竊盜,1040407,10~12,台北市中山區大直街84巷1-30號
162,住宅竊盜,1040407,10~12,台北市內湖區紫陽里文德路22巷59弄1-30號
163,住宅竊盜,1040408,10~12,台北市中正區螢雪里重慶南路三段74巷1-30號
164,住宅竊盜,1040408,16~18,台北市內湖區寶湖里成功路二段301-330號
165,住宅竊盜,1040409,10~12,台北市中山區農安街1-30號
166,住宅竊盜,1040410,07~09,台北市北投區吉利里23鄰吉利街320巷1弄1-30號
167,住宅竊盜,1040410,16~18,台北市萬華區忠德里4鄰寶興街91-120號
168,住宅竊盜,1040410,19~21,台北市松山區民生東路五段181-210號
169,住宅竊盜,1040411,10~12,台北市內湖區內湖路1段359巷1 ~ 30號
170,住宅竊盜,1040413,13~15,台北市萬華區貴陽街二段151-180號
171,住宅竊盜,1040415,07~09,台北市松山區民生東路四段55巷1-30號
172,住宅竊盜,1040415,16~18,台北市萬華區西園路二段261巷31-60號
173,住宅竊盜,1040415,22~24,台北市萬華區富民里4鄰貴陽街二段151-180號
174,住宅竊盜,1040416,04~06,台北市文山區萬和里1鄰溪州街137巷61-90號
175,住宅竊盜,1040416,07~09,台北市士林區三玉里忠誠路二段41巷1-30號
176,住宅竊盜,1040416,10~12,台北市中山區中山北路二段93巷1-30號
177,住宅竊盜,1040416,13~15,台北市內湖區康樂街61巷12弄1-30號
178,住宅竊盜,1040416,13~15,台北市北投區永欣里石牌路二段181-210號
179,住宅竊盜,1040416,19~21,台北市南港區舊莊里舊莊街一段145巷6弄1-30號
180,住宅竊盜,1040417,16~18,台北市中山區建國北路三段22巷1-30號
181,住宅竊盜,1040417,16~18,台北市北投區奇岩里奇岩路31-60號
182,住宅竊盜,1040419,13~15,台北市北投區榮華里榮華一路15巷1-30號
183,住宅竊盜,1040420,16~18,台北市內湖區瑞光里瑞光路235巷1-30號
184,住宅竊盜,1040420,22~24,台北市中山區遼寧街241-270號
185,住宅竊盜,1040421,19~21,台北市文山區指南里15鄰指南路三段26巷1-30號
186,住宅竊盜,1040422,19~21,台北市萬華區萬大路493巷12弄1-30號
187,住宅竊盜,1040423,04~06,台北市內湖區康樂街136巷15弄1-30號
188,住宅竊盜,1040423,13~15,台北市內湖區樂康里康樂街136巷15弄1-30號
189,住宅竊盜,1040423,19~21,台北市士林區仁勇里16鄰大東路121-150號
190,住宅竊盜,1040423,19~21,台北市萬華區環河南路二段250巷3弄1-30號
191,住宅竊盜,1040424,10~12,台北市內湖區樂康里康樂街72巷17弄121-150號
192,住宅竊盜,1040425,04~06,台北市文山區興業里23鄰辛亥路五段124巷1-30號
193,住宅竊盜,1040425,22~24,台北市大同區揚雅里民族西路121-150號
194,住宅竊盜,1040426,04~06,台北市北投區智仁里21鄰中和街525巷10弄1-30號
195,住宅竊盜,1040427,07~09,台北市中山區大直街62巷5弄1-30號
196,住宅竊盜,1040427,07~09,台北市內湖區湖興里20鄰成功路二段250巷31-60號
197,住宅竊盜,1040427,13~15,台北市中山區大直街62巷5弄1-30號
198,住宅竊盜,1040427,16~18,台北市萬華區德昌街132巷1-30號
199,住宅竊盜,1040427,22~24,台北市內湖區港都里港華街85巷1-30號
200,住宅竊盜,1040429,13~15,台北市中山區敬業三路162巷121-150號
201,住宅竊盜,1040429,13~15,台北市中山區敬業三路162巷31-60號
202,住宅竊盜,1040430,07~09,台北市內湖區麗山街328巷1~30號
203,住宅竊盜,1040430,19~21,台北市內湖區樂康里康樂街136巷18弄31-60號
204,住宅竊盜,1040501,16~18,台北市中山區吉林路379巷1-30號
205,住宅竊盜,1040501,22~24,台北市信義區忠孝東路
206,住宅竊盜,1040503,19~21,台北市松山區寶清街104巷1-30號
207,住宅竊盜,1040504,10~12,台北市中山區長安東路一段31-60號
208,住宅竊盜,1040504,19~21,台北市內湖區西湖里內湖路一段323巷1-30號
209,住宅竊盜,1040505,16~18,台北市士林區菁山里永公路511-540號
210,住宅竊盜,1040506,19~21,台北市文山區試院里29鄰木柵路一段1-30號
211,住宅竊盜,1040507,19~21,台北市信義區大道里大道路7巷1弄1-30號
212,住宅竊盜,1040508,04~06,台北市大同區斯文里大龍街89巷1-30號
213,住宅竊盜,1040508,07~09,台北市大安區車層里忠孝東路四段216巷19弄1-30號
214,住宅竊盜,1040508,13~15,台北市北投區大屯里復興三路521巷1-30號
215,住宅竊盜,1040509,10~12,台北市士林區聖山里20鄰忠義街46巷1-30號
216,住宅竊盜,1040510,04~06,台北市大安區虎嘯里樂業街15巷1-30號
217,住宅竊盜,1040510,10~12,台北市內湖區新明路380巷9弄1~30號
218,住宅竊盜,1040510,13~15,台北市中山區中山北路一段91-120號
219,住宅竊盜,1040511,22~24,台北市萬華區萬大路322巷55弄1-30號
220,住宅竊盜,1040512,10~12,台北市北投區開明里珠海路107巷1-30號
221,住宅竊盜,1040512,13~15,台北市中正區文祥里金山南路一段91-120號
222,住宅竊盜,1040512,19~21,台北市松山區延壽街61-90號
223,住宅竊盜,1040514,10~12,台北市內湖區康寧路三段245巷31-60號
224,住宅竊盜,1040514,10~12,台北市文山區樟新里木新路三段301-330號
225,住宅竊盜,1040515,10~12,台北市內湖區康寧路一段156巷7弄1-30號
226,住宅竊盜,1040515,10~12,台北市內湖區麗山街46巷5弄1-30號
227,住宅竊盜,1040515,19~21,台北市北投區榮光里致遠一路二段40巷1弄1-30號
228,住宅竊盜,1040518,10~12,台北市中正區黎明里信陽街1-30號
229,住宅竊盜,1040521,16~18,台北市北投區文化里文化三路1-30號
230,住宅竊盜,1040521,22~24,台北市士林區福志里24鄰中山北路五段756巷1-30號
231,住宅竊盜,1040522,16~18,台北市中正區板溪里南昌路二段91-120號
232,住宅竊盜,1040523,10~12,台北市松山區南京東路五段291巷44弄1-30號
233,住宅竊盜,1040523,10~12,台北市松山區南京東路五段59巷28弄1-30號
234,住宅竊盜,1040525,19~21,台北市文山區試院里木柵路一段31-60號
235,住宅竊盜,1040526,04~06,台北市北投區洲美里洲美街81巷1-30號
236,住宅竊盜,1040526,16~18,台北市中山區錦州街181-210號
237,住宅竊盜,1040526,22~24,台北市中山區林森北路119巷1-30號
238,住宅竊盜,1040528,04~06,台北市文山區萬祥里興隆路一段70巷1-30號
239,住宅竊盜,1040528,19~21,台北市士林區永倫里6鄰社中街426巷1-30號
240,住宅竊盜,1040529,16~18,台北市大同區斯文里承德路三段85巷1-30號
241,住宅竊盜,1040529,22~24,台北市大同區光能里南京西路31~60號
242,住宅竊盜,1040531,22~24,台北市文山區興得里興隆路三段192巷8弄31-60號
243,住宅竊盜,1040531,22~24,台北市信義區大道里林口街151-180號
244,住宅竊盜,1040601,22~24,台北市中山區八德路二段241-270號
245,住宅竊盜,1040602,13~15,台北市北投區泉源里東昇路91-120號
246,住宅竊盜,1040603,16~18,台北市中山區長安東路二段31-60號
247,住宅竊盜,1040606,04~06,台北市中山區錦州街31-60號
248,住宅竊盜,1040606,10~12,台北市松山區南京東路五段123巷8弄1-30號
249,住宅竊盜,1040606,19~21,台北市松山區八德路三段12巷52弄1-30號
250,住宅竊盜,1040607,07~09,台北市中山區中山北路二段65巷2弄1-30號
251,住宅竊盜,1040607,10~12,台北市大安區民炤里新生南路一段137巷1-30號
252,住宅竊盜,1040608,07~09,台北市中山區民權東路一段31-60號
253,住宅竊盜,1040608,13~15,台北市士林區福林里中山北路五段460巷1-30號
254,住宅竊盜,1040608,22~24,台北市中山區長春路61-90號
255,住宅竊盜,1040609,16~18,台北市文山區試院里和興路91-120號
256,住宅竊盜,1040612,10~12,台北市信義區三張里莊敬路391-420號
257,住宅竊盜,1040615,10~12,台北市中山區建國北路二段116巷1-30號
258,住宅竊盜,1040615,16~18,台北市大安區建安里忠孝東路四段181巷7弄1-30號
259,住宅竊盜,1040616,07~09,台北市萬華區西藏路199巷1-30號
260,住宅竊盜,1040616,13~15,台北市文山區景東里景華街104巷1-30號
261,住宅竊盜,1040616,13~15,台北市文山區景東里景興路153巷14弄1~30號
262,住宅竊盜,1040619,07~09,台北市中山區長安東路一段52巷9弄1-30號
263,住宅竊盜,1040619,07~09,台北市文山區萬隆里羅斯福路五段211~240號
264,住宅竊盜,1040619,19~21,台北市中正區頂東里羅斯福路二段174巷1-30號
265,住宅竊盜,1040620,04~06,台北市松山區光復北路120巷121~150號
266,住宅竊盜,1040620,10~12,台北市信義區富陽街44巷1~30號
267,住宅竊盜,1040621,10~12,台北市士林區溪山里至善路三段1-30號
268,住宅竊盜,1040622,07~09,台北市北投區八仙里承德路七段401巷331弄1-30號
269,住宅竊盜,1040622,13~15,台北市士林區臨溪里5鄰故宮路41巷1-30號
270,住宅竊盜,1040622,13~15,台北市士林區臨溪里故宮路41巷1-30號
271,住宅竊盜,1040623,22~24,台北市大安區大安路一段16巷1-30號
272,住宅竊盜,1040624,04~06,台北市中山區新生北路三段1-30號
273,住宅竊盜,1040624,19~21,台北市中正區光復里重慶南路一段1-30號
274,住宅竊盜,1040625,22~24,台北市中山區明水路601~630號
275,住宅竊盜,1040628,01~03,台北市士林區陽明里華岡路31~60號
276,住宅竊盜,1040628,16~18,台北市內湖區東湖路113巷95弄121-150號
277,住宅竊盜,1040628,16~18,台北市南港區玉成里南港路三段130巷3弄1-30號
278,住宅竊盜,1040628,22~24,台北市中山區中山北路二段128巷6弄1~30號
279,住宅竊盜,1040628,22~24,台北市中山區林森北路391-420號
280,住宅竊盜,1040630,22~24,台北市北投區林泉里新民路31-60號
281,住宅竊盜,1040701,07~09,台北市中正區羅斯福路三段91~120號
282,住宅竊盜,1040701,16~18,台北市中山區林森北路451-480號
283,住宅竊盜,1040702,19~21,台北市士林區菁山里菁山路99巷1-30號
284,住宅竊盜,1040703,01~03,台北市中山區民族東路512巷1-30號
285,住宅竊盜,1040703,13~15,台北市內湖區康樂街201巷23弄1-30號
286,住宅竊盜,1040704,04~06,台北市信義區永吉里松山路91-120號
287,住宅竊盜,1040707,01~03,台北市萬華區西園路一段256巷1-30號
288,住宅竊盜,1040707,07~09,台北市文山區樟文里辛亥路七段69巷1-30號
289,住宅竊盜,1040707,19~21,台北市萬華區莒光路181-210號
290,住宅竊盜,1040708,10~12,台北市文山區萬芳里萬美街一段19巷1-30號
291,住宅竊盜,1040709,01~03,台北市中山區新生北路三段61-90號
292,住宅竊盜,1040710,01~03,台北市中山區民族東路512巷10、1-30號
293,住宅竊盜,1040712,16~18,台北市萬華區國興路61-90號
294,住宅竊盜,1040713,22~24,台北市中山區雙城街19巷1-30號
295,住宅竊盜,1040713,22~24,台北市中正區東門里杭州南路一段18巷1-30號
296,住宅竊盜,1040714,07~09,台北市萬華區環河南路二段35巷15弄1-30號
297,住宅竊盜,1040715,10~12,台北市萬華區雙園街60巷31-60號
298,住宅竊盜,1040715,13~15,台北市信義區正和里光復南路417巷211-240號
299,住宅竊盜,1040715,19~21,台北市中山區南京東路二段91-120號
300,住宅竊盜,1040716,07~09,台北市大安區光信里光復南路456巷1-30號
301,住宅竊盜,1040717,01~03,台北市中山區民生東路一段61-90號
302,住宅竊盜,1040718,01~03,台北市北投區一德里中央北路四段151-180號
303,住宅竊盜,1040718,13~15,台北市松山區光復北路181-210號
304,住宅竊盜,1040718,16~18,台北市萬華區西園路一段121-150號
305,住宅竊盜,1040718,19~21,台北市北投區林泉里溫泉路121-150號
306,住宅竊盜,1040720,16~18,台北市北投區清江里中央南路二段91-120號
307,住宅竊盜,1040720,19~21,台北市士林區百齡里11鄰前港街110巷1-30號
308,住宅竊盜,1040720,22~24,台北市萬華區雅江街61-90號
309,住宅竊盜,1040721,10~12,台北市松山區南京東路五段251巷24弄1-30號
310,住宅竊盜,1040721,22~24,台北市信義區三犁里信義路五段121-150號
311,住宅竊盜,1040722,13~15,台北市大同區保安里哈密街59巷31弄31~60號
312,住宅竊盜,1040722,16~18,台北市萬華區中華路二段504巷1-30號
313,住宅竊盜,1040723,07~09,台北市松山區南京東路五段23巷7弄1-30號
314,住宅竊盜,1040724,13~15,台北市內湖區成功路四段323巷9弄1-30號
315,住宅竊盜,1040725,10~12,台北市松山區南京東路五段66巷1-30號
316,住宅竊盜,1040725,13~15,台北市信義區中興里嘉興街31~60號
317,住宅竊盜,1040727,07~09,台北市松山區健康路8巷1-30號
318,住宅竊盜,1040727,07~09,台北市松山區寶清街1-30號
319,住宅竊盜,1040727,19~21,台北市士林區陽明里華岡路31-60號
320,住宅竊盜,1040729,10~12,台北市松山區民權東路五段31-60號
321,住宅竊盜,1040730,13~15,台北市大同區華亭街1~30號
322,住宅竊盜,1040730,16~18,台北市萬華區大理街170巷1弄1-30號
323,住宅竊盜,1040731,01~03,台北市松山區南京東路五段251巷24弄1-30號
324,住宅竊盜,1040731,04~06,台北市松山區健康路325巷18弄1-30號
325,住宅竊盜,1040731,07~09,台北市中正區廈安里大埔街21巷1-30號
326,住宅竊盜,1040731,10~12,台北市松山區南京東路五段281巷1-30號
327,住宅竊盜,1040731,13~15,台北市松山區南京東路五段251巷24弄1-30號
328,住宅竊盜,1040731,22~24,台北市中山區民權西路61~90號
329,住宅竊盜,1040801,22~24,台北市中山區林森北路107巷31~60號
330,住宅竊盜,1040803,22~24,台北市文山區木柵里木柵路三段85巷23弄1-30號
331,住宅竊盜,1040804,04~06,台北市士林區新安里7鄰仰德大路三段106巷1-30號
332,住宅竊盜,1040805,13~15,台北市松山區南京東路五段123巷1弄1-30號
333,住宅竊盜,1040806,13~15,台北市內湖區內湖路二段103巷119弄1-30號
334,住宅竊盜,1040806,16~18,台北市北投區開明里復興四路8巷1-30號
335,住宅竊盜,1040807,01~03,台北市中山區松江路108巷1-30號
336,住宅竊盜,1040810,13~15,台北市萬華區西園路二段372巷3弄31-60號
337,住宅竊盜,1040810,16~18,台北市內湖區安泰街49巷1-30號
338,住宅竊盜,1040810,19~21,台北市中山區林森北路391-420號
339,住宅竊盜,1040810,19~21,台北市中山區龍江路377巷1-30號
340,住宅竊盜,1040811,04~06,台北市士林區社新里社子街61-90號
341,住宅竊盜,1040811,10~12,台北市士林區臨溪里9鄰至善路二段342巷1-30號
342,住宅竊盜,1040812,07~09,台北市大同區建明里華陰街72巷1~30號
343,住宅竊盜,1040812,19~21,台北市中山區林森北路107巷61-90號
344,住宅竊盜,1040813,13~15,台北市信義區黎平里和平東路三段301-330號
345,住宅竊盜,1040813,16~18,台北市北投區湖山里紗帽路1-30號
346,住宅竊盜,1040814,07~09,台北市大安區錦安里麗水街31~60號
347,住宅竊盜,1040814,10~12,台北市文山區木柵里7鄰木柵路三段85巷8弄1-30號
348,住宅竊盜,1040815,07~09,台北市大同區迪化街二段151-180號
349,住宅竊盜,1040815,07~09,台北市信義區大道里林口街181~210號
350,住宅竊盜,1040815,10~12,台北市大安區大學里新生南路三段70巷2弄1~30號
351,住宅竊盜,1040815,13~15,台北市大同區建明里華陰街72巷1~30號
352,住宅竊盜,1040815,13~15,台北市大安區誠安里忠孝東路三段301-330號
353,住宅竊盜,1040817,01~03,台北市北投區八仙里崇仁路一段159巷1-30號
354,住宅竊盜,1040817,01~03,台北市信義區四維里松山路241-270號
355,住宅竊盜,1040817,16~18,台北市松山區南京東路五段271-300號
356,住宅竊盜,1040817,19~21,台北市士林區天玉里中山北路七段51巷1-30號
357,住宅竊盜,1040818,19~21,台北市南港區九如里研究院路三段211-240號
358,住宅竊盜,1040820,01~03,台北市信義區景新里莊敬路289巷5弄18號
359,住宅竊盜,1040821,22~24,台北市南港區九如里研究院路三段211-240號
360,住宅竊盜,1040822,07~09,台北市中山區樂群二路266巷91-120號
361,住宅竊盜,1040822,22~24,台北市文山區博嘉里4鄰木柵路四段159巷170弄1-30號
362,住宅竊盜,1040823,01~03,台北市中正區廈安里中華路二段109巷1-30號
363,住宅竊盜,1040823,19~21,台北市北投區桃源里崗山路11巷1-30號
364,住宅竊盜,1040823,19~21,台北市萬華區西園路二段372巷3弄31-60號
365,住宅竊盜,1040824,10~12,台北市信義區六合里信義路五段150巷418弄1-30號
366,住宅竊盜,1040824,19~21,台北市士林區仁勇里小東街31-60號
367,住宅竊盜,1040825,10~12,台北市中正區新營里金華街1-30號
368,住宅竊盜,1040825,16~18,台北市大安區通化里10鄰通化街19巷1-30號
369,住宅竊盜,1040826,19~21,台北市內湖區內湖路一段91巷35弄1-30號
370,住宅竊盜,1040827,13~15,台北市士林區福志里福林路271-300號
371,住宅竊盜,1040827,16~18,台北市大同區永樂里10鄰民樂街1-30號
372,住宅竊盜,1040828,07~09,台北市大安區華聲里光復南路72巷23弄1-30號
373,住宅竊盜,1040828,13~15,台北市士林區天壽里4鄰中山北路六段441巷31-60號
374,住宅竊盜,1040828,13~15,台北市萬華區青年路1~30號
375,住宅竊盜,1040828,22~24,台北市中山區中山北路二段115巷1-30號
376,住宅竊盜,1040829,01~03,台北市文山區樟樹里13鄰興隆路四段74巷1-30號
377,住宅竊盜,1040829,07~09,台北市中正區廈安里中華路二段175巷31-60號
378,住宅竊盜,1040829,13~15,台北市北投區八仙里中央南路二段1-30號
379,住宅竊盜,1040830,07~09,台北市文山區明義里9鄰興隆路四段44巷1-30號
380,住宅竊盜,1040831,04~06,台北市士林區葫蘆里延平北路五段231巷31-60號
381,住宅竊盜,1040831,10~12,台北市中正區幸市里仁愛路二段61-90號
382,住宅竊盜,1040831,10~12,台北市信義區四育里虎林街30巷1-30號
383,住宅竊盜,1040831,13~15,台北市萬華區西昌街181-210號
384,住宅竊盜,1040831,16~18,台北市北投區石牌里致遠一路一段46巷1-30號
385,住宅竊盜,1040901,22~24,台北市大安區通化里通化街39巷1-30號
386,住宅竊盜,1040903,13~15,台北市北投區雙全街62巷1-30號
387,住宅竊盜,1040905,19~21,台北市中山區民族東路391-420號
388,住宅竊盜,1040905,19~21,台北市松山區饒河街121-150號
389,住宅竊盜,1040905,19~21,台北市萬華區廣州街186巷1-30號
390,住宅竊盜,1040906,01~03,台北市士林區忠誠里忠誠路一段91-120號
391,住宅竊盜,1040906,13~15,台北市內湖區民權東路六段413巷1-30號
392,住宅竊盜,1040907,13~15,台北市松山區敦化南路一段1-30號
393,住宅竊盜,1040908,10~12,台北市大安區虎嘯里4鄰敦化南路二段181-210號
394,住宅竊盜,1040908,10~12,台北市中正區文盛里汀州路三段151-180號
395,住宅竊盜,1040908,22~24,台北市中山區林森北路133巷31-60號
396,住宅竊盜,1040908,22~24,台北市中山區敬業1路181~210號
397,住宅竊盜,1040909,13~15,台北市中山區北安路608巷5弄1~30號
398,住宅竊盜,1040910,10~12,台北市士林區福順里重慶北路四段31-60號
399,住宅竊盜,1040910,19~21,台北市松山區八德路四段691-720號
400,住宅竊盜,1040911,07~09,台北市萬華區環河南路三段151-180號
401,住宅竊盜,1040911,10~12,台北市松山區八德路二段391-420號
402,住宅竊盜,1040912,07~09,台北市文山區順興里18鄰恆光街17巷1-30號
403,住宅竊盜,1040913,04~06,台北市信義區永春里永吉路481-510號
404,住宅竊盜,1040913,10~12,台北市大同區老師里延平北路四段153巷1-30號
405,住宅竊盜,1040913,19~21,台北市北投區大同里中央北路一段151-180號
406,住宅竊盜,1040914,04~06,台北市中正區文盛里羅斯福路三段244巷10弄1-30號
407,住宅竊盜,1040914,10~12,台北市中山區合江街31-60號
408,住宅竊盜,1040914,19~21,台北市中山區民生東路一段31-60號
409,住宅竊盜,1040915,10~12,台北市北投區林泉里泉源路21巷1-30號
410,住宅竊盜,1040915,16~18,台北市萬華區東園街66巷37弄1-30號
411,住宅竊盜,1040915,19~21,台北市中山區中山北路二段115巷3弄1~30號
412,住宅竊盜,1040917,01~03,台北市信義區六合里信義路五段150巷臨31-60號
413,住宅竊盜,1040917,19~21,台北市大安區全安里8鄰安和路二段227巷1-30號
414,住宅竊盜,1040918,04~06,台北市萬華區大埔街7巷1-30號
415,住宅竊盜,1040919,01~03,台北市中山區中山北路一段121巷1-30號
416,住宅竊盜,1040919,16~18,台北市大同區鄭州路121-150號
417,住宅竊盜,1040919,22~24,台北市大同區玉泉里貴德街1-30號
418,住宅竊盜,1040920,01~03,台北市北投區吉利里致遠二路95巷31-60號
419,住宅竊盜,1040920,10~12,台北市南港區九如里研究院路二段182巷61-90號
420,住宅竊盜,1040920,19~21,台北市中山區民權東路二段91-120號
421,住宅竊盜,1040921,01~03,台北市中正區南福里羅斯福路二段61-90號
422,住宅竊盜,1040921,04~06,台北市信義區六合里信義路五段150巷401弄1-30號
423,住宅竊盜,1040921,13~15,台北市士林區德華里文林路740巷9弄1~30號
424,住宅竊盜,1040921,13~15,台北市士林區德華里文林路740巷9弄1~30號
425,住宅竊盜,1040924,10~12,台北市北投區湖山里湖山路二段1-30號
426,住宅竊盜,1040924,19~21,台北市中正區永昌里中華路二段391-420號3樓
427,住宅竊盜,1040925,22~24,台北市中正區螢雪里泉州街121-150號
428,住宅竊盜,1040926,10~12,台北市大安區光武里22鄰復興南路一段107巷5弄1-30號
429,住宅竊盜,1040926,10~12,台北市北投區立賢里承德路七段211-240號
430,住宅竊盜,1040927,19~21,台北市中山區錦州街91-120號
431,住宅竊盜,1040928,10~12,台北市萬華區長泰街59巷1-30號
432,住宅竊盜,1040929,04~06,台北市松山區三民路151-180號
433,住宅竊盜,1040930,10~12,台北市大安區虎嘯里敦化南路二段200巷14弄1-30號
434,住宅竊盜,1040930,10~12,台北市內湖區瑞光路258巷31-60號
435,住宅竊盜,1040930,10~12,台北市南港區鴻福里玉成街235巷1-30號
436,住宅竊盜,1040930,22~24,台北市中山區天祥路47巷1~30號
437,住宅竊盜,1041001,22~24,台北市士林區三玉里7鄰德行東路219巷1-30號
438,住宅竊盜,1041002,07~09,台北市中山區民生西路45巷5弄1~30號
439,住宅竊盜,1041002,16~18,台北市萬華區大理街160巷22弄1~30號
440,住宅竊盜,1041002,19~21,台北市萬華區西園路二段261巷34弄31-60號
441,住宅竊盜,1041003,07~09,台北市內湖區內湖路二段91-120號
442,住宅竊盜,1041003,07~09,台北市萬華區西寧南路121-150號
443,住宅竊盜,1041003,22~24,台北市中山區中山北路二段121-150號
444,住宅竊盜,1041005,07~09,台北市松山區八德路四段245巷32弄31-60號
445,住宅竊盜,1041005,07~09,台北市松山區民生東路五段137巷4弄1-30號
446,住宅竊盜,1041005,22~24,台北市信義區黎平里富陽街87巷1~30號
447,住宅竊盜,1041006,01~03,台北市大同區老師里重慶北路三段334巷15弄1-30號
448,住宅竊盜,1041006,10~12,台北市萬華區西園路二段320巷36弄1-30號
449,住宅竊盜,1041007,01~03,台北市中山區龍江路370巷31-60號
450,住宅竊盜,1041007,13~15,台北市文山區景行里景興路241-270號
451,住宅竊盜,1041007,13~15,台北市北投區清江里大興街24巷2弄1-30號
452,住宅竊盜,1041007,13~15,台北市信義區惠安里吳興街506巷1-30號
453,住宅竊盜,1041009,19~21,台北市萬華區成都路91-120號
454,住宅竊盜,1041011,16~18,台北市信義區雅祥里松信路31-60號
455,住宅竊盜,1041011,22~24,台北市內湖區內湖路一段91巷151-180號
456,住宅竊盜,1041013,07~09,台北市文山區樟腳里9鄰恆光街30巷1-30號
457,住宅竊盜,1041013,07~09,台北市松山區撫遠街403巷1-30號
458,住宅竊盜,1041013,13~15,台北市信義區五全里永吉路200巷41弄1-30號
459,住宅竊盜,1041016,10~12,台北市士林區天玉里天母西路31~60號
460,住宅竊盜,1041018,04~06,台北市中正區忠勤里汀州路一段92巷1-30號
461,住宅竊盜,1041018,07~09,台北市萬華區富福里大理街1-30號
462,住宅竊盜,1041019,01~03,台北市萬華區昆明路121-150號
463,住宅竊盜,1041019,13~15,台北市中正區河堤里汀州路二段151-180號
464,住宅竊盜,1041020,01~03,台北市大同區南芳里安西街91巷1-30號
465,住宅竊盜,1041020,07~09,台北市大同區延平里安西街91巷1-30號
466,住宅竊盜,1041020,07~09,台北市萬華區中華路二段416巷61~90號
467,住宅竊盜,1041020,13~15,台北市大安區復興南路126巷1~30號
468,住宅竊盜,1041021,07~09,台北市信義區三犁里03鄰松仁路253巷01弄1-30號
469,住宅竊盜,1041021,19~21,台北市士林區福中里福港街121-150號
470,住宅竊盜,1041021,22~24,台北市中正區水源里羅斯福路四段40巷1-30號
471,住宅竊盜,1041023,07~09,台北市松山區南京東路五段291巷5弄1~30號
472,住宅竊盜,1041023,13~15,台北市北投區振華里懷德街98巷1~30號
473,住宅竊盜,1041024,07~09,台北市中正區南門里博愛路230巷1-30號
474,住宅竊盜,1041026,10~12,台北市南港區聯成里忠孝東路六段278巷22弄1~30號
475,住宅竊盜,1041026,19~21,台北市中山區吉林路161巷1-30號
476,住宅竊盜,1041026,19~21,台北市中山區吉林路161巷1-30號
477,住宅竊盜,1041027,10~12,台北市士林區聖山里忠誠路一段171巷10弄1-30號
478,住宅竊盜,1041027,22~24,台北市士林區福佳里文林路495巷1-30號
479,住宅竊盜,1041029,07~09,台北市松山區民生東路五段69巷1弄31~60號
480,住宅竊盜,1041030,10~12,台北市內湖區民權東路六段481-510號
481,住宅竊盜,1041030,19~21,台北市中山區遼寧街185巷7弄1-30號
482,住宅竊盜,1041030,19~21,台北市信義區松友里虎林街241-270號
483,住宅竊盜,1041031,19~21,台北市中山區龍江路356巷1-30號
484,住宅竊盜,1041101,07~09,台北市信義區和平東路三段631巷1~30號
485,住宅竊盜,1041103,22~24,台北市中山區堤頂大道二段451-480號
486,住宅竊盜,1041103,22~24,台北市南港區東明里東明街61-90號
487,住宅竊盜,1041104,10~12,台北市士林區平等里平菁街43巷16弄1~30號
488,住宅竊盜,1041105,10~12,台北市北投區承德路七段232巷1~30號
489,住宅竊盜,1041107,04~06,台北市信義區興隆里逸仙路32巷1-30號
490,住宅竊盜,1041109,16~18,台北市中山區雙城街32巷1-30號
491,住宅竊盜,1041109,16~18,台北市內湖區樂康里24鄰安泰街1-30號
492,住宅竊盜,1041109,22~24,台北市士林區明勝里承德路四段33巷1-30號
493,住宅竊盜,1041109,22~24,台北市南港區重陽路125巷1~30號
494,住宅竊盜,1041111,10~12,台北市中山區南京東路三段48巷31-60號
495,住宅竊盜,1041111,13~15,台北市文山區興豐里5鄰興隆路一段241-270號
496,住宅竊盜,1041112,19~21,台北市士林區天山里中山北路七段14巷31-60號
497,住宅竊盜,1041112,19~21,台北市大同區保安里庫倫街31~60號
498,住宅竊盜,1041113,10~12,台北市內湖區康寧路三段165巷25弄1-30號
499,住宅竊盜,1041114,22~24,台北市大安區延吉街241巷1-30號
500,住宅竊盜,1041115,19~21,台北市中山區中山北路二段93巷1-30號
501,住宅竊盜,1041116,01~03,台北市松山區南京東路五段251巷46弄1-30號
502,住宅竊盜,1041116,07~09,台北市大安區龍泉里雲和街91-120號
503,住宅竊盜,1041116,13~15,台北市內湖區新明路298巷1~30號
504,住宅竊盜,1041116,13~15,台北市萬華區青年路31-60號
505,住宅竊盜,1041117,01~03,台北市中正區龍興里南海路61-90號
506,住宅竊盜,1041117,10~12,台北市南港區合成里忠孝東路六段271-300號
507,住宅竊盜,1041117,19~21,台北市信義區泰和里吳興街583巷20弄1~30號
508,住宅竊盜,1041118,13~15,台北市中山區錦州街241巷1弄1~30號
509,住宅竊盜,1041118,22~24,台北市中山區中山北路四段1-30號
510,住宅竊盜,1041121,10~12,台北市中山區新生北路二段141巷1-30號
511,住宅竊盜,1041122,04~06,台北市大安區敦安里9鄰安和路一段102巷1-30號
512,住宅竊盜,1041122,19~21,台北市文山區興得里15鄰興隆路三段112巷4弄1-30號
513,住宅竊盜,1041123,07~09,台北市內湖區麗山街393巷1~30號
514,住宅竊盜,1041123,13~15,台北市松山區民生東路五段69巷1弄31~60號
515,住宅竊盜,1041124,07~09,台北市士林區東山里德行東路393巷1-30號
516,住宅竊盜,1041125,01~03,台北市內湖區五分里8鄰東湖路106巷7弄1-30號
517,住宅竊盜,1041125,22~24,台北市中正區忠勤里南海路93巷1-30號
518,住宅竊盜,1041126,16~18,台北市中正區三愛里臨沂街69巷7弄1-30號
519,住宅竊盜,1041128,10~12,台北市內湖區民權東路六段180巷55弄1-30號
520,住宅竊盜,1041128,19~21,台北市大同區鄰江里18鄰重慶北路三段236巷31-60號
521,住宅竊盜,1041129,10~12,台北市士林區義信里2鄰大東路1-30號
522,住宅竊盜,1041129,10~12,台北市松山區南京東路四段52巷1~30號
523,住宅竊盜,1041129,19~21,台北市士林區天玉里天母北路4巷1-30號
524,住宅竊盜,1041130,10~12,台北市文山區興得里興隆路三段112巷4弄1-30號
525,住宅竊盜,1041201,07~09,台北市大同區揚雅里昌吉街61巷1-30號
526,住宅竊盜,1041201,10~12,台北市大安區黎元里安居街81巷1-30號
527,住宅竊盜,1041202,07~09,台北市中山區雙城街28巷1-30號
528,住宅竊盜,1041203,04~06,台北市內湖區民權東路六段121~150號
529,住宅竊盜,1041203,04~06,台北市北投區榮光里石牌路一段166巷61-90號
530,住宅竊盜,1041203,10~12,台北市中山區吉林路241-270號
531,住宅竊盜,1041203,10~12,台北市北投區湖山里湖底路1~30號
532,住宅竊盜,1041204,10~12,台北市大安區光信里仁愛路四段301-330號
533,住宅竊盜,1041204,10~12,台北市松山區南京東路五段361-390號
534,住宅竊盜,1041205,22~24,台北市中山區新生北路二段41巷31-60號
535,住宅竊盜,1041206,07~09,台北市士林區福順里4鄰重慶北路四段61-90號
536,住宅竊盜,1041206,16~18,台北市士林區福志里忠勇街31-60號
537,住宅竊盜,1041207,19~21,台北市松山區南京東路四段1-30號
538,住宅竊盜,1041208,07~09,台北市大安區古風里泰順街1~30號
539,住宅竊盜,1041208,16~18,台北市士林區富光里葫蘆街47巷1-30號
540,住宅竊盜,1041208,22~24,台北市文山區景仁里羅斯福路六段91-120號
541,住宅竊盜,1041209,07~09,台北市中正區林興里羅斯福路三段121-150號
542,住宅竊盜,1041209,13~15,台北市內湖區康樂街76巷1~30號
543,住宅竊盜,1041210,16~18,台北市大安區正聲里光復南路346巷1-30號
544,住宅竊盜,1041211,07~09,台北市大安區昌隆里忠孝東路三段211-240號
545,住宅竊盜,1041211,19~21,台北市大同區斯文里承德路三段91-120號
546,住宅竊盜,1041212,04~06,台北市中山區龍江路229巷1-30號
547,住宅竊盜,1041212,04~06,台北市中山區龍江路229巷1-30號
548,住宅竊盜,1041212,10~12,台北市士林區社子里社正路45巷29弄1-30號
549,住宅竊盜,1041212,10~12,台北市松山區八德路三段12巷53弄1-30號
550,住宅竊盜,1041213,22~24,台北市信義區永吉里中坡北路43巷1-30號
551,住宅竊盜,1041214,16~18,台北市大安區群賢里和平東路三段1-30號
552,住宅竊盜,1041215,07~09,台北市中山區民權東路二段113巷1弄1~30號
553,住宅竊盜,1041215,22~24,台北市大安區仁愛里敦化南路一段270巷1~30號
554,住宅竊盜,1041216,10~12,台北市松山區南京東四段1~30號
555,住宅竊盜,1041216,13~15,台北市內湖區西湖里環山路一段59巷10弄1-30號
556,住宅竊盜,1041217,13~15,台北市士林區福中里通河東街一段136巷1~30號
557,住宅竊盜,1041219,07~09,台北市中山區林森北路119巷1-30號
558,住宅竊盜,1041219,22~24,台北市士林區福順里重慶北路四段49巷15弄31-60號
559,住宅竊盜,1041219,22~24,台北市中山區吉林路271-300號
560,住宅竊盜,1041220,10~12,台北市松山區光復北路230巷31-60號
561,住宅竊盜,1041220,10~12,台北市松山區健康路391-420號
562,住宅竊盜,1041220,16~18,台北市大安區黎孝里安居街46巷1~30號
563,住宅竊盜,1041220,19~21,台北市信義區松友里信義路六段76巷8弄1-30號
564,住宅竊盜,1041221,10~12,台北市中正區網溪里同安街86巷1~30號
565,住宅竊盜,1041221,19~21,台北市內湖區東湖路113巷1-30號
566,住宅竊盜,1041221,22~24,台北市內湖區星雲路15巷18弄1-30號
567,住宅竊盜,1041222,04~06,台北市信義區中興里信義路四段361-390號
568,住宅竊盜,1041222,07~09,台北市萬華區富民路91-120號
569,住宅竊盜,1041222,07~09,台北市萬華區富民路91-120號
570,住宅竊盜,1041222,07~09,台北市萬華區富民路91-120號
571,住宅竊盜,1041222,10~12,台北市中正區網溪里廈門街99巷1~30號
572,住宅竊盜,1041222,10~12,台北市萬華區富民路91-120號
573,住宅竊盜,1041222,10~12,台北市萬華區富民路91-120號
574,住宅竊盜,1041223,01~03,台北市大同區至聖里重慶北路三段257巷1~30號
575,住宅竊盜,1041223,07~09,台北市萬華區長泰街1~30號
576,住宅竊盜,1041223,16~18,台北市士林區天母里中山北路七段219巷1-30號
577,住宅竊盜,1041223,19~21,台北市中正區網溪里廈門街99巷1-30號
578,住宅竊盜,1041224,10~12,台北市北投區立賢里尊賢街241-270號
579,住宅竊盜,1041224,13~15,台北市萬華區西園路一段241~270號
580,住宅竊盜,1041225,16~18,台北市士林區天和里中山北路七段14巷63弄1-30號
581,住宅竊盜,1041225,16~18,台北市中正區板溪里汀州路二段127巷1~30號
582,住宅竊盜,1041225,19~21,台北市內湖區康寧路一段173巷1-30號
583,住宅竊盜,1041226,10~12,台北市松山區塔悠路1-30號
584,住宅竊盜,1041226,22~24,台北市南港區九如里研究院路三段10巷1~30號
585,住宅竊盜,1041228,04~06,台北市內湖區麗山街348巷10弄1-30號
586,住宅竊盜,1041228,13~15,台北市中正區光復里漢口街一段80巷1~30號
587,住宅竊盜,1041228,16~18,台北市信義區雅祥市民大路六段1-30號
588,住宅竊盜,1041229,16~18,台北市士林區後港里14鄰承德路四段301-330號
589,住宅竊盜,1041229,22~24,台北市北投區立賢里尊賢街211-240號
590,住宅竊盜,1041230,04~06,台北市萬華區梧州街46巷10弄1-30號
591,住宅竊盜,1041230,04~06,台北市萬華區萬大路486巷1-30號
592,住宅竊盜,1041231,13~15,台北市大安區全安里5鄰和平東路三段91-120號
593,住宅竊盜,1041231,22~24,台北市文山區景興路275巷1~30號
594,住宅竊盜,1050101,01~03,台北市文山區木新里21鄰保儀路109巷1~30號
595,住宅竊盜,1050101,19~21,台北市松山區濱江街430巷1~30號
596,住宅竊盜,1050101,22~24,台北市中山區錦州街31~60號
597,住宅竊盜,1050102,16~18,台北市中山區松江路235巷1~30號
598,住宅竊盜,1050102,19~21,台北市中正區愛國西路1~30號
599,住宅竊盜,1050103,13~15,台北市信義區興隆里逸仙路50巷1~30號
600,住宅竊盜,1050103,16~18,台北市大安區錦華里杭州南路二段93巷1~30號
601,住宅竊盜,1050103,19~21,台北市中山區新生北路二段58巷1~30號
602,住宅竊盜,1050104,07~09,台北市內湖區康樂街136巷29弄31~60號
603,住宅竊盜,1050104,19~21,台北市大安區虎嘯里敦化南路二段151~180號
604,住宅竊盜,1050104,22~24,台北市松山區南京東路五段251巷46弄1~30號
605,住宅竊盜,1050105,13~15,台北市內湖區康寧路一段301~330號
606,住宅竊盜,1050106,01~03,台北市文山區順興里9鄰木新路二段158巷1弄1~30號
607,住宅竊盜,1050106,10~12,台北市中正區南福里寧波西街1~30號
608,住宅竊盜,1050107,13~15,台北市士林區蘭興里德行東路1~30號
609,住宅竊盜,1050107,16~18,台北市士林區蘭興里德行東路1~30號
610,住宅竊盜,1050107,19~21,台北市信義區五常里永吉路181~210號
611,住宅竊盜,1050108,22~24,台北市文山區萬隆里羅斯福路五段211~240號
612,住宅竊盜,1050109,22~24,台北市南港區鴻福里玉成街241~270號
613,住宅竊盜,1050110,04~06,台北市文山區萬盛里萬盛街91~120號
614,住宅竊盜,1050110,07~09,台北市北投區奇岩里公館路85巷2弄1~30號
615,住宅竊盜,1050110,16~18,台北市內湖區康樂街136巷30弄1~30號
616,住宅竊盜,1050110,19~21,台北市松山區南京東路五段250巷2弄1~30號
617,住宅竊盜,1050111,16~18,台北市士林區葫蘆里延平北路五段241~270號
618,住宅竊盜,1050111,16~18,台北市萬華區康定路1~30號
619,住宅竊盜,1050111,19~21,台北市士林區蘭雅里德行東路1~30號
620,住宅竊盜,1050112,07~09,台北市士林區天和里天母東路91巷1~30號
621,住宅竊盜,1050113,04~06,台北市內湖區康樂街220巷2弄1~30號
622,住宅竊盜,1050113,10~12,台北市大同區至聖里民族西路187巷1~30號
623,住宅竊盜,1050113,16~18,台北市北投區承德路七段361~390號
624,住宅竊盜,1050113,22~24,台北市南港區九如里研究院路三段10巷1~30號
625,住宅竊盜,1050114,10~12,台北市大同區雙連里重慶北路二段2巷151~180號
626,住宅竊盜,1050114,22~24,台北市中山區明水路541~570號
627,住宅竊盜,1050115,07~09,台北市南港區合成里忠孝東路六段61~90號
628,住宅竊盜,1050115,10~12,台北市文山區忠順里14鄰興隆路四段145巷83弄1~30號
629,住宅竊盜,1050116,10~12,台北市內湖區金湖路331~360號
630,住宅竊盜,1050116,16~18,台北市北投區開明里復興四路1~30號
631,住宅竊盜,1050118,19~21,台北市內湖區金湖路1~30號
632,住宅竊盜,1050119,01~03,台北市中山區北安路630巷9弄1~30號
633,住宅竊盜,1050119,13~15,台北市大同區寧夏路121~150號
634,住宅竊盜,1050119,16~18,台北市文山區興得里興隆路三段31~60號
635,住宅竊盜,1050120,07~09,台北市萬華區莒光路271~300號
636,住宅竊盜,1050120,10~12,台北市大安區義安里敦化南路2段81巷31~60號
637,住宅竊盜,1050121,13~15,台北市士林區陽明里凱旋路61~90號
638,住宅竊盜,1050122,16~18,台北市松山區南京東路五段291巷6弄1~30號
639,住宅竊盜,1050122,22~24,台北市北投區智仁里中和街481~510號
640,住宅竊盜,1050123,07~09,台北市信義區雙和里吳興街284巷24弄61~90號
641,住宅竊盜,1050124,13~15,台北市文山區興昌里辛亥路四段101巷140弄1~30號
642,住宅竊盜,1050124,19~21,台北市中山區民生西路45巷9弄1~30號
643,住宅竊盜,1050125,07~09,台北市內湖區安康路434巷20弄1~30號
644,住宅竊盜,1050125,10~12,台北市大安區黎和里和平東路三段416巷25弄1~30號
645,住宅竊盜,1050125,10~12,台北市北投區中庸里雙全街62巷1~30號
646,住宅竊盜,1050125,10~12,台北市中正區黎明里重慶南路一段1~30號
647,住宅竊盜,1050126,07~09,台北市士林區百齡里8鄰福港街259巷1~30號
648,住宅竊盜,1050126,16~18,台北市松山區三民路96巷1~30號
649,住宅竊盜,1050127,13~15,台北市北投區立賢里實踐街5巷1~30號
650,住宅竊盜,1050128,13~15,台北市內湖區碧山里7鄰內湖路三段60巷12弄61~90號
651,住宅竊盜,1050128,19~21,台北市士林區福順里延平北路五段121~150號
652,住宅竊盜,1050129,04~06,台北市內湖區新明路380巷6弄1~30號
653,住宅竊盜,1050129,13~15,台北市北投區中央里中正街49巷31弄31~60號
654,住宅竊盜,1050129,16~18,台北市松山區南京東路五段291巷19弄31~60號
655,住宅竊盜,1050129,22~24,台北市內湖區文德路208巷6弄1~30號
656,住宅竊盜,1050130,10~12,台北市大安區黎孝里和平東路三段271~300號
657,住宅竊盜,1050130,22~24,台北市信義區忠孝東路四段481~510號
658,住宅竊盜,1050131,10~12,台北市中山區民權東路三段61~90號
659,住宅竊盜,1050131,22~24,台北市中山區林森北路107巷31~60號
660,住宅竊盜,1050201,19~21,台北市松山區南京東路五段181~210號
661,住宅竊盜,1050202,19~21,台北市南港區九如里研究院路三段10巷1~30號
662,住宅竊盜,1050203,04~06,台北市大同區玉泉里西寧北路86巷1~30號
663,住宅竊盜,1050203,07~09,台北市中山區新生北路三段87巷1~30號
664,住宅竊盜,1050203,10~12,台北市松山區南京東路五段389巷11弄1~30號
665,住宅竊盜,1050203,19~21,台北市南港區仁福里福德街373巷31~60號
666,住宅竊盜,1050204,13~15,台北市文山區萬隆里萬隆街61~90號
667,住宅竊盜,1050205,07~09,台北市中山區新生北路二段127巷31~60號
668,住宅竊盜,1050205,16~18,台北市士林區天壽里中山北路六段441巷1~30號
669,住宅竊盜,1050207,07~09,台北市中山區中山北路一段33巷1~30號
670,住宅竊盜,1050207,16~18,台北市大安區錦安里麗水街17巷1~30號
671,住宅竊盜,1050208,19~21,台北市大安區臨江里5鄰通化街123巷31~60號
672,住宅竊盜,1050209,10~12,台北市內湖區成功路二段250巷1~30號
673,住宅竊盜,1050209,22~24,台北市大安區通安里17鄰通化街170巷1~30號
674,住宅竊盜,1050210,07~09,台北市萬華區大理街160巷23弄1~30號
675,住宅竊盜,1050210,07~09,台北市松山區精忠里民生東路四段55巷1~30號
676,住宅竊盜,1050210,13~15,台北市士林區福中里12鄰通河東街一段124巷1~30號
677,住宅竊盜,1050210,19~21,台北市士林區天和里中山北路七段114巷61弄1~30號
678,住宅竊盜,1050211,10~12,台北市中山區民生東路二段147巷5弄1~30號
679,住宅竊盜,1050212,01~03,台北市士林區福林里10鄰中山北路五段280巷1~30號
680,住宅竊盜,1050212,16~18,台北市萬華區三水街61~90號
681,住宅竊盜,1050213,19~21,台北市信義區正和里光復南路421巷91~120號
682,住宅竊盜,1050214,19~21,台北市南港區東新里向陽路120巷2弄1~30號
683,住宅竊盜,1050217,01~03,台北市中正區水源里羅斯福路四段52巷16弄1~30號
684,住宅竊盜,1050217,10~12,台北市中山區吉林路199巷1~30號
685,住宅竊盜,1050217,16~18,台北市北投區吉利里石牌路一段39巷120弄1~30號
686,住宅竊盜,1050218,01~03,台北市中山區農安街1~30號
687,住宅竊盜,1050218,01~03,台北市中山區民權東路二段152巷6弄1~30號
688,住宅竊盜,1050219,13~15,台北市松山區市民大道五段121~150號
689,住宅竊盜,1050219,16~18,台北市中山區伊通街99巷15之1~30號
690,住宅竊盜,1050220,01~03,台北市士林區福順里重慶北路四段61~90號
691,住宅竊盜,1050220,07~09,台北市內湖區港富里18鄰內湖路一段737巷91~120號
692,住宅竊盜,1050220,19~21,台北市萬華區大理街159巷3弄1~30號
693,住宅竊盜,1050221,07~09,台北市萬華區萬大路277巷31~60號
694,住宅竊盜,1050222,10~12,台北市萬華區萬大路486巷37弄1~30號
695,住宅竊盜,1050223,04~06,台北市中正區愛國里9鄰延平南路258巷1~30號
696,住宅竊盜,1050223,13~15,台北市北投區福興里自強街5巷91~120號
697,住宅竊盜,1050224,13~15,台北市士林區後港里大南路391~420號
698,住宅竊盜,1050225,10~12,台北市文山區辛亥路六段31~60號
699,住宅竊盜,1050225,22~24,台北市內湖區新明路219巷2弄1~30號
700,住宅竊盜,1050226,07~09,台北市中正區文盛里羅斯福路三段316巷9弄1~30號
701,住宅竊盜,1050226,10~12,台北市大安區正聲里仁愛路四段391~420號
702,住宅竊盜,1050227,19~21,台北市萬華區中華路二段416巷61~90號
703,住宅竊盜,1050228,16~18,台北市中山區新生北路二段27巷1~30號
704,住宅竊盜,1050301,10~12,台北市松山區東新街54巷1~30號
705,住宅竊盜,1050302,13~15,台北市大同區市民大道一段181~210號
706,住宅竊盜,1050303,01~03,台北市士林區社新里6鄰社子街31~60號
707,住宅竊盜,1050303,07~09,台北市北投區吉慶里承德路七段164巷1~30號
708,住宅竊盜,1050304,07~09,台北市中山區民族東路31~60號
709,住宅竊盜,1050304,10~12,台北市北投區開明里復興四路8巷1~30號
710,住宅竊盜,1050305,22~24,台北市士林區天壽里16鄰天母西路31~60號
711,住宅竊盜,1050306,10~12,台北市中山區龍江路295巷1~30號
712,住宅竊盜,1050307,16~18,台北市內湖區內湖路二段301~330號
713,住宅竊盜,1050307,22~24,台北市大安區建倫里22鄰忠孝東路四段170巷17弄1~30號
714,住宅竊盜,1050308,01~03,台北市文山區景慶里景福街242巷1~30號
715,住宅竊盜,1050308,10~12,台北市中正區南福里羅斯福路一段90巷1~30號
716,住宅竊盜,1050308,13~15,台北市內湖區新富街31~60號
717,住宅竊盜,1050310,13~15,台北市萬華區大理街31~60號
718,住宅竊盜,1050310,16~18,台北市大安區光武里24鄰復興南路一段135巷1~30號
719,住宅竊盜,1050311,01~03,台北市士林區社新里社子街112巷20弄1~30號
720,住宅竊盜,1050311,01~03,台北市士林區社新里19鄰社子街22巷65弄1~30號
721,住宅竊盜,1050312,01~03,台北市松山區寶清街1~30號
722,住宅竊盜,1050313,07~09,台北市松山區南京東路五段251巷22弄31~60號
723,住宅竊盜,1050314,16~18,台北市士林區蘭興里德行西路93巷6弄1~30號
724,住宅竊盜,1050314,16~18,台北市信義區六合里信義路五段150巷391~420號
725,住宅竊盜,1050314,19~21,台北市中山區錦州街31~60號
726,住宅竊盜,1050314,19~21,台北市中山區林森北路391~420號
727,住宅竊盜,1050314,22~24,台北市中山區市民大道三段121~150號
728,住宅竊盜,1050315,13~15,台北市中山區中山北路一段33巷31~60號
729,住宅竊盜,1050316,07~09,台北市士林區永福里莊頂路91~120號
730,住宅竊盜,1050316,19~21,台北市北投區開明里中和街278巷13樓
731,住宅竊盜,1050317,07~09,台北市中正區南福里羅斯福路二段8巷14弄1~30號
732,住宅竊盜,1050318,22~24,台北市中山區林森北路391~420號
733,住宅竊盜,1050320,13~15,台北市中正區水源里汀州路三段230巷25弄1~30號
734,住宅竊盜,1050320,16~18,台北市中山區中山北路一段33巷20弄1~30號
735,住宅竊盜,1050321,10~12,台北市士林區天母里天母北路87巷2弄1~30號
736,住宅竊盜,1050321,22~24,台北市中山區中山北路二段137巷24之1~30號
737,住宅竊盜,1050322,16~18,台北市大安區建倫里安和路一段31~60號
738,住宅竊盜,1050323,01~03,台北市士林區天祿里士東路91巷1~30號
739,住宅竊盜,1050323,22~24,台北市中正區頂東里羅斯福路三段58巷1~30號
740,住宅竊盜,1050324,19~21,台北市中山區長春路91~120號
741,住宅竊盜,1050325,01~03,台北市內湖區內湖路一段411巷1~30號
742,住宅竊盜,1050328,19~21,台北市萬華區長泰街241~270號
743,住宅竊盜,1050330,10~12,台北市內湖區文德路22巷16弄1~30號
744,住宅竊盜,1050331,22~24,台北市士林區臨溪里至善路二段323巷1~30號
745,住宅竊盜,1050401,16~18,台北市萬華區頂碩里7鄰大埔街1~30號
746,住宅竊盜,1050401,22~24,台北市信義區永吉里松山路151~180號
747,住宅竊盜,1050402,19~21,台北市信義區大道里中坡南路1~30號
748,住宅竊盜,1050403,13~15,台北市萬華區青年路31~60號
749,住宅竊盜,1050403,13~15,台北市萬華區青年路31~60號
750,住宅竊盜,1050403,16~18,台北市北投區榮華里富貴一路1巷1~30號
751,住宅竊盜,1050403,19~21,台北市萬華區廣州街61~90號
752,住宅竊盜,1050404,07~09,台北市北投區中央里中央南路一段102巷1~30號
753,住宅竊盜,1050404,10~12,台北市北投區石牌里明德路67巷1~30號
754,住宅竊盜,1050405,22~24,台北市大安區錦泰里7鄰杭州南路二段61巷1~30號
755,住宅竊盜,1050407,07~09,台北市文山區興旺里10鄰福興路4巷7弄1~30號
756,住宅竊盜,1050407,10~12,台北市中正區南門里延平南路181~210號
757,住宅竊盜,1050407,13~15,台北市大同區蓬萊里大龍街181~210號
758,住宅竊盜,1050408,13~15,台北市大同區光能里寧夏路31~60號
759,住宅竊盜,1050408,19~21,台北市南港區舊莊里合順街8巷5弄31~60號
760,住宅竊盜,1050408,19~21,台北市松山區民生東路三段112巷7弄1~30號
761,住宅竊盜,1050409,19~21,台北市萬華區新和里19鄰中華路二段416巷61~90號
762,住宅竊盜,1050410,01~03,台北市文山區華興里24鄰富山路1~30號
763,住宅竊盜,1050410,16~18,台北市松山區南京東路五段391~420號
764,住宅竊盜,1050410,22~24,台北市內湖區康寧路三段99巷10弄1~30號
765,住宅竊盜,1050411,19~21,台北市內湖區成功路三段91~120號
766,住宅竊盜,1050413,19~21,台北市士林區福華里12鄰承德路四段40巷121~150號
767,住宅竊盜,1050414,01~03,台北市中山區松江路37巷1~30號
768,住宅竊盜,1050414,01~03,台北市松山區寶清街1~30號
769,住宅竊盜,1050414,19~21,台北市士林區社子里中正路601~630號
770,住宅竊盜,1050415,10~12,台北市大安區古風里師大路31~60號
771,住宅竊盜,1050416,01~03,台北市士林區聖山里15鄰德行東路190巷6弄1~30號
772,住宅竊盜,1050416,07~09,台北市北投區湖山里紗帽路1~30號
773,住宅竊盜,1050416,22~24,台北市中正區永昌里汀州路一段242巷1~30號
774,住宅竊盜,1050419,01~03,台北市中正區永昌里汀州路一段211~240號
775,住宅竊盜,1050419,19~21,台北市文山區萬盛里羅斯福路五段53巷1~30號
776,住宅竊盜,1050419,19~21,台北市大同區永樂里民樂街1~30號
777,住宅竊盜,1050419,19~21,台北市北投區永明里立農街二段202巷2弄1~30號
778,住宅竊盜,1050419,22~24,台北市內湖區內湖路一段91巷1~30號
779,住宅竊盜,1050420,19~21,台北市中正區永昌里汀州路一段242巷1~30號
780,住宅竊盜,1050421,01~03,台北市中山區民權東路二段135巷1~30號
781,住宅竊盜,1050421,16~18,台北市北投區永和里行義路140巷1~30號
782,住宅竊盜,1050423,04~06,台北市北投區文化里文化三路61~90號
783,住宅竊盜,1050424,04~06,台北市中正區頂東里晉江街124巷8弄1~30號
784,住宅竊盜,1050425,10~12,台北市大安區仁愛里大安路一段106巷1~30號
785,住宅竊盜,1050425,22~24,台北市松山區慶城街31~60號
786,住宅竊盜,1050425,22~24,台北市北投區東華里立農街2段151 ~ 180號
787,住宅竊盜,1050425,22~24,台北市北投區東華里立農街2段151 ~ 180號
788,住宅竊盜,1050426,04~06,台北市萬華區萬大路277巷31~60號
789,住宅竊盜,1050426,13~15,台北市中山區吉林路161巷1~30號
790,住宅竊盜,1050427,04~06,台北市信義區大道里忠孝東路五段790巷25弄1~30號
791,住宅竊盜,1050427,04~06,台北市中山區林森北路119巷31~60號
792,住宅竊盜,1050427,07~09,台北市內湖區行善路361~390號
793,住宅竊盜,1050427,13~15,台北市大同區玉泉里忠孝西路二段1~30號
794,住宅竊盜,1050427,16~18,台北市大安區仁愛里大安路一段96巷1~30號
795,住宅竊盜,1050427,16~18,台北市南港區重陽里向陽路258巷
796,住宅竊盜,1050429,19~21,台北市中正區永昌里中華路二段381巷1~30號
797,住宅竊盜,1050430,10~12,台北市大同區斯文里承德路三段61~90號
798,住宅竊盜,1050501,10~12,台北市大安區臥龍街151~180號
799,住宅竊盜,1050501,22~24,台北市大安區正聲里03鄰光復南路260巷31~60號
800,住宅竊盜,1050502,10~12,台北市大同區朝陽里南京西路344巷31~60號
801,住宅竊盜,1050502,13~15,台北市松山區敦化北路145巷18弄1~30號
802,住宅竊盜,1050503,19~21,台北市大安區敦煌里信義路四段265巷20弄1~30號
803,住宅竊盜,1050505,13~15,台北市大同區斯文里承德路三段61~90號
804,住宅竊盜,1050508,07~09,台北市大同區星明里太原路175巷1~30號
805,住宅竊盜,1050508,07~09,台北市內湖區安泰街31~60號
806,住宅竊盜,1050509,19~21,台北市中山區大直街52巷1~30號
807,住宅竊盜,1050510,13~15,台北市士林區舊佳里11鄰前街61~90號
808,住宅竊盜,1050510,19~21,台北市萬華區萬大路71巷31~60號
809,住宅竊盜,1050511,22~24,台北市大安區光信里仁愛路四段408巷1~30號
810,住宅竊盜,1050512,01~03,台北市大安區建倫里忠孝東路4段170巷17弄1 ~ 30號
811,住宅竊盜,1050512,10~12,台北市文山區忠順里014鄰興隆路4段145巷83弄1 ~ 30號
812,住宅竊盜,1050512,16~18,台北市文山區興家里27鄰興隆路三段185巷7弄1~30號
813,住宅竊盜,1050513,07~09,台北市中山區新生北路二段61~90號
814,住宅竊盜,1050513,16~18,台北市大安區住安里信義路四段1~30號
815,住宅竊盜,1050513,16~18,台北市萬華區西園路二段241~270號
816,住宅竊盜,1050513,16~18,台北市萬華區青年路152巷1~30號
817,住宅竊盜,1050513,22~24,台北市萬華區中華路二段416巷61~90號
818,住宅竊盜,1050514,13~15,台北市士林區天和里天母東路107巷1~30號
819,住宅竊盜,1050515,01~03,台北市中正區龍光里和平西路二段1~30號
820,住宅竊盜,1050515,10~12,台北市中山區新生北路二段91~120號
821,住宅竊盜,1050515,19~21,台北市大同區鄰江里酒泉街241~270號
822,住宅竊盜,1050518,19~21,台北市萬華區康定路278巷17弄
823,住宅竊盜,1050520,01~03,台北市內湖區內溝里康樂街201巷1~30號
824,住宅竊盜,1050520,16~18,台北市萬華區寶興街80巷31~60號
825,住宅竊盜,1050521,04~06,台北市北投區開明里翠雲街26巷1~30號
826,住宅竊盜,1050521,04~06,台北市中山區民權東路二段135巷1~30號
827,住宅竊盜,1050522,07~09,台北市大同區保安里哈密街59巷38弄31~60號
828,住宅竊盜,1050522,13~15,台北市士林區福志里幸福街5巷1~30號
829,住宅竊盜,1050524,13~15,台北市內湖區港富里13鄰港墘路37巷1~30號
830,住宅竊盜,1050526,16~18,台北市北投區永和里行義路241~270號
831,住宅竊盜,1050528,22~24,台北市文山區木新里15鄰木新路二段66巷1~30號
832,住宅竊盜,1050530,10~12,台北市南港區鴻福里玉成街235巷23弄1 ~ 30號
833,住宅竊盜,1050530,13~15,台北市大安區臨江里通化街39巷50弄1~30號
834,住宅竊盜,1050531,01~03,台北市南港區東新里興南街61~90號
835,住宅竊盜,1050601,13~15,台北市北投區東華里立農街2段151~180號
836,住宅竊盜,1050601,13~15,台北市內湖區內湖路一段411巷90弄1~30號
837,住宅竊盜,1050602,13~15,台北市士林區福華里承德路四段40巷1~30號
838,住宅竊盜,1050603,13~15,台北市大安區法治里樂利路11巷1~30號
839,住宅竊盜,1050603,13~15,台北市文山區景行里21鄰景興路238巷1~30號
840,住宅竊盜,1050604,10~12,台北市松山區新中街6巷1 ~ 30號
841,住宅竊盜,1050605,07~09,台北市士林區葫東里葫東街1~30號
842,住宅竊盜,1050605,22~24,台北市信義區安康里松勇路31~60號
843,住宅竊盜,1050606,01~03,台北市大同區至聖里重慶北路三段223巷31~60號
844,住宅竊盜,1050606,04~06,台北市文山區興豐里景豐街48巷11弄1~30號
845,住宅竊盜,1050606,07~09,台北市士林區三玉里忠誠路二段76巷1~30號
846,住宅竊盜,1050606,10~12,台北市士林區延平北路五段136巷31~60號
847,住宅竊盜,1050609,07~09,台北市內湖區康樂街136巷29弄31~60號
848,住宅竊盜,1050609,13~15,台北市大安區住安里四維路124巷1~30號
849,住宅竊盜,1050609,22~24,台北市北投區東華里立農街二段151~180號
850,住宅竊盜,1050609,22~24,台北市北投區東華里立農街2段151 ~ 180號
851,住宅竊盜,1050610,13~15,台北市萬華區大理街160巷11弄1~30號
852,住宅竊盜,1050611,10~12,台北市中正區忠勤里惠安街31~60號
853,住宅竊盜,1050611,13~15,台北市文山區樟林里014鄰木新路3段241 ~ 270號
854,住宅竊盜,1050612,04~06,台北市北投區智仁里中和街507巷6弄1~30號
855,住宅竊盜,1050612,16~18,台北市士林區蘭興里克強路10巷4弄1~30號
856,住宅竊盜,1050613,16~18,台北市文山區景慶里溪口街31~60號
857,住宅竊盜,1050613,16~18,台北市北投區永欣里石牌路二段331巷1~30號
858,住宅竊盜,1050614,01~03,台北市北投區中庸里大同街208巷1~30號
859,住宅竊盜,1050614,01~03,台北市中正區新營里林森南路121~150號
860,住宅竊盜,1050614,19~21,台北市南港區南港里興中路61~90號
861,住宅竊盜,1050614,19~21,台北市南港區南港里興中路61 ~ 90號
862,住宅竊盜,1050615,07~09,台北市大安區龍雲里大安路二段151~180號
863,住宅竊盜,1050616,10~12,台北市文山區博嘉里010鄰和平東路四段361~390號
864,住宅竊盜,1050617,07~09,台北市南港區中研里研究院路二段2巷12弄1~30號
865,住宅竊盜,1050617,07~09,台北市南港區南港里興中路28巷31~60號
866,住宅竊盜,1050618,07~09,台北市士林區福志里與農路49巷1~30號
867,住宅竊盜,1050618,13~15,台北市北投區東華里立農街2段151 ~ 180號
868,住宅竊盜,1050620,19~21,台北市內湖區康寧路一段214巷1~30號
869,住宅竊盜,1050621,13~15,台北市大安區新龍里瑞安街208巷78弄1~30號
870,住宅竊盜,1050621,22~24,台北市大安區通化里信義路4段378巷1~30號
871,住宅竊盜,1050622,01~03,台北市中山區林森北路310巷1~30號
872,住宅竊盜,1050622,01~03,台北市中山區林森北路310巷1~30號
873,住宅竊盜,1050624,19~21,台北市內湖區康寧路三段75巷186弄121~150號
874,住宅竊盜,1050625,04~06,台北市內湖區行善路25巷40弄1~30號
875,住宅竊盜,1050625,07~09,台北市士林區聖山里忠誠路一段151~180號
876,住宅竊盜,1050625,10~12,台北市大安區敦安里信義路四段181~210號
877,住宅竊盜,1050626,01~03,台北市大安區通化里信義路4段378巷1 ~ 30號
878,住宅竊盜,1050629,10~12,台北市中正區富水里汀州路三段60巷2弄1~30號
879,住宅竊盜,1050629,13~15,台北市萬華區西園路二段241~270號
880,住宅竊盜,1050629,16~18,台北市士林區天母里15鄰天玉街81巷1~30號
881,住宅竊盜,1050630,16~18,台北市南港區舊莊里合順街8巷5弄1~30號
882,住宅竊盜,1050630,22~24,台北市中山區吉林路433項31 ~ 60號
883,住宅竊盜,1050701,01~03,台北市信義區大道里忠孝東路五段790巷62弄1~30號
884,住宅竊盜,1050701,04~06,台北市萬華區寶興街188巷1~30號
885,住宅竊盜,1050701,13~15,台北市士林區菁山里9鄰菁山路99巷1~30號
886,住宅竊盜,1050702,07~09,台北市內湖區東湖路113巷1~30號
887,住宅竊盜,1050702,13~15,台北市大同區隆和里伊寧街61 ~ 90號
888,住宅竊盜,1050703,04~06,台北市大同區雙連里錦西街52巷1~30號
889,住宅竊盜,1050704,13~15,台北市信義區景新里莊敬路289巷1~30號
890,住宅竊盜,1050704,19~21,台北市中正區東門里信義路一段1~30號
891,住宅竊盜,1050705,04~06,台北市內湖區民權東路六段90巷15弄1~30號
892,住宅竊盜,1050705,07~09,台北市北投區湖田里竹子湖路1~30號
893,住宅竊盜,1050705,07~09,台北市士林區蘭興里克強路10巷9弄1 ~ 30號
894,住宅竊盜,1050705,16~18,台北市中山區民生東路二段61~90號
895,住宅竊盜,1050706,07~09,台北市士林區天和里中山北路七段190巷31~60號
896,住宅竊盜,1050707,13~15,台北市大安區和平東路三段61~90號
897,住宅竊盜,1050707,13~15,台北市南港區三重里園區街14巷1~30號
898,住宅竊盜,1050709,10~12,台北市大同區朝陽里天水路31~60號
899,住宅竊盜,1050710,16~18,台北市北投區中央里中央南路二段91~120號
900,住宅竊盜,1050711,22~24,台北市北投區榮華里榮華二路1~30號
901,住宅竊盜,1050712,10~12,台北市士林區東山里1鄰德行東路397巷1~30號
902,住宅竊盜,1050713,01~03,台北市萬華區長沙街2段121 ~ 150號
903,住宅竊盜,1050714,10~12,台北市南港區中研里研究院路二段12巷57弄61~90號
904,住宅竊盜,1050715,01~03,台北市松山區塔悠路186巷1 ~ 30號
905,住宅竊盜,1050716,22~24,台北市文山區萬祥里景明街61~90號
906,住宅竊盜,1050716,22~24,台北市大同區玉泉里延平北路1段66巷1 ~ 30號
907,住宅竊盜,1050717,10~12,台北市中山區中山北路三段55巷1~30號
908,住宅竊盜,1050720,01~03,台北市中正區板溪里牯嶺街91 ~ 120號
909,住宅竊盜,1050721,10~12,台北市北投區長安里溫泉路61~90號
910,住宅竊盜,1050721,19~21,台北市文山區萬美里027鄰萬寧街151~180號
911,住宅竊盜,1050722,01~03,台北市士林區菁山里菁山路121 ~ 150號
912,住宅竊盜,1050722,07~09,台北市內湖區潭美街211~240號
913,住宅竊盜,1050722,19~21,台北市中山區合江街58巷1~30號
914,住宅竊盜,1050726,19~21,台北市士林區永倫里5鄰社中街346巷2弄31~60號
915,住宅竊盜,1050727,01~03,台北市中山區民族東路410巷1~30號
916,住宅竊盜,1050727,01~03,台北市中山區龍江路394巷31~60號
917,住宅竊盜,1050727,16~18,台北市士林區公館里2鄰永公路340巷61~90號
918,住宅竊盜,1050728,07~09,台北市南港區成福里成福路121巷1~30號
919,住宅竊盜,1050728,22~24,台北市北投區石牌里致遠一路一段46巷21弄1~30號
920,住宅竊盜,1050729,01~03,台北市中山區民權東路2段1 ~ 30號
921,住宅竊盜,1050731,01~03,台北市大安區通化里信義路四段378巷1~30號
922,住宅竊盜,1050731,22~24,台北市信義區松光里林口街1 ~ 30號
923,住宅竊盜,1050731,22~24,台北市中正區水源里羅斯福路4段61 ~ 90號
924,住宅竊盜,1050801,22~24,台北市內湖區內湖路一段301 ~ 330號
925,住宅竊盜,1050802,04~06,台北市士林區天玉里5鄰天母北路1 ~ 30號
926,住宅竊盜,1050805,04~06,台北市信義區三犁里松勤街140巷1 ~ 30號
927,住宅竊盜,1050805,16~18,台北市北投區清江里清江路31 ~ 60號
928,住宅竊盜,1050808,16~18,台北市北投區吉利里13鄰吉利街280巷27弄1 ~ 30號
929,住宅竊盜,1050809,07~09,台北市信義區景聯里基隆路2段79巷1 ~ 30號
930,住宅竊盜,1050809,13~15,台北市中山區中山北路2段93巷1 ~ 30號
931,住宅竊盜,1050809,19~21,台北市士林區社子里2鄰通河西街2段1 ~ 30號
932,住宅竊盜,1050810,19~21,台北市北投區關渡里大度路3段301巷150弄1 ~ 30號
933,住宅竊盜,1050812,13~15,台北市北投區桃源里4鄰中央北路3段1 ~ 30號
934,住宅竊盜,1050814,10~12,台北市信義區正和里仁愛路4段511 ~ 540號
935,住宅竊盜,1050815,10~12,台北市中山區合江街91 ~ 120號
936,住宅竊盜,1050816,13~15,台北市士林區三玉里1鄰芝玉路2段20巷1 ~ 30號
937,住宅竊盜,1050817,04~06,台北市中正區新營里金華街26之1 ~ 30號
938,住宅竊盜,1050817,16~18,台北市文山區樟新里013鄰木新路3段243巷4弄1 ~ 30號
939,住宅竊盜,1050818,13~15,台北市南港區新光里東新街180巷121 ~ 150號
940,住宅竊盜,1050818,16~18,台北市士林區天山里12鄰中山北路7段14巷31弄1 ~ 30號
941,住宅竊盜,1050819,01~03,台北市大安區法治里通化街180巷1 ~ 30號
942,住宅竊盜,1050819,07~09,台北市內湖區東湖里康樂街48巷1 ~ 30號
943,住宅竊盜,1050819,19~21,台北市士林區岩山里9鄰忠義路91巷1 ~ 30號
944,住宅竊盜,1050822,13~15,台北市萬華區錦德里3鄰西園路2段261巷12弄1 ~ 30號
945,住宅竊盜,1050822,13~15,台北市北投區永明里立農街2段202巷2弄1 ~ 30號
946,住宅竊盜,1050823,07~09,台北市南港區中研里研究院路2段70巷17弄1 ~ 30號
947,住宅竊盜,1050824,01~03,台北市中正區光復里重慶南路1段46巷1 ~ 30號
948,住宅竊盜,1050824,04~06,台北市士林區翠山里中社路1段11巷91 ~ 120號
949,住宅竊盜,1050826,04~06,台北市中山區林森北路271 ~ 300號
950,住宅竊盜,1050826,19~21,台北市大同區至聖里酒泉街61 ~ 90號
951,住宅竊盜,1050827,04~06,台北市大安區法治里9鄰通化街182巷1 ~ 30號
952,住宅竊盜,1050828,01~03,台北市內湖區成功路2段486巷1 ~ 30號
953,住宅竊盜,1050829,04~06,台北市內湖區港墘路155巷7弄1 ~ 30號
954,住宅竊盜,1050829,22~24,台北市中正區光復里重慶南路1段46巷1 ~ 30號
955,住宅竊盜,1050829,22~24,台北市松山區民族東路661 ~ 690號
956,住宅竊盜,1050831,13~15,台北市文山區景華里三福街4巷31 ~ 60號
